Judul,Tanggal,Artikel,Category
Hati-hati! 5 Kebiasaan Orang Tua Ini Bisa Rusak Perkembangan Anak,"Rabu, 01 Nov 2023 19:45 WIB","Peran dan kebiasaan orang tua akan sangat mempengaruhi perkembangan anak. Setiap pola asuh yang kita ajarkan harus diperhatikan dengan penuh hati-hati. Dalam hal ini, ternyata ada beberapa kebiasaan orang tua yang mungkin tidak disadari, namun bisa berdampak buruk pada potensi anak hingga merusak perkembangannya. Lebih lanjut, simak penjelasan lengkapnya di bawah ini. SCROLL TO CONTINUE WITH CONTENT Orang tua haruslah mengajarkan sesuatu yang baik, karena setiap perbuatan dan perkataan mereka berperan dalam proses belajar dan perkembangan anak. Demikian juga yang disampaikan oleh pakar pendidikan anak usia dini dari Universitas Negeri Surabaya (UNESA), Prof Dr Rachma Hasibuan, bahwa setiap ucapan orang tua akan berdampak pada psikologis dan perkembangan karakter anak. Dikutip dari paparan Prof Dr Rachma dari laman UNESA, berikut adalah beberapa kebiasaan orang tua yang bisa merusak perkembangan anak: Menakut-nakuti anak mungkin sering kita dengar dalam kehidupan sehari hari. Namun, hal tersebut bisa menimbulkan efek ketakutan yang serius bagi anak. Pasalnya, kalimat menakut-nakuti berpotensi dalam merusak gambaran tentang realitas. Sehingga, lama-kelamaan bisa berpotensi menjadi trauma. Kebiasaan orang tua selanjutnya yaitu membanding-bandingkan sang anak dengan saudara atau anak lainnya. Saat hal ini dilakukan para orang tua, berisiko membuat kepercayaan diri anak terhadap usaha dan kemampuannya bisa berkurang atau bahkan hilang. Dibanding-bandingkan, akan menyebabkan anak merasa tertekan dan takut untuk melakukan apa pun. Pada akhirnya, hal inilah yang menjadi salah satu alasan menghambatnya perkembangan potensi anak. Saat berhadapan dengan persoalan tertentu, tak jarang orang tua melimpahkan rasa kejengkelan ke anak mereka (mengkambinghitamkan). Dalam hal ini, contohnya yaitu dengan mengucapkan kata kata seperti, ""tuh kan, gara-gara kamu; ulahmu; perbuatanmu"" dan kata-kata senada lainnya. Prof Rachma memaparkan, bahwa anak yang suka dikambinghitamkan sebagai penyebab suatu persoalan biasanya cenderung diam, bahkan tidak berani berpendapat karena takut disalahkan. Alhasil, bisa jadi ke depannya sang anak tidak berani untuk menceritakan apa pun kepada orang tuanya. Ketika orang tua membiasakan atau sering mengucapkan kalimat yang membuang nilai positif, hal itu akan membuat anak merasa bahwa hal negatif itu merupakan hal yang wajar. Sebagai contoh saat orang tua mengatakan, ""Nak, berbohong itu tidak masalah lo"". Mencela fisik atau psikis merupakan hal yang bisa menyakiti perasaan anak. Jika hal negatif seperti itu sering dilakukan, hal ini akan berdampak pada anak. Mereka akan merasa tidak percaya diri dan membenci dirinya sendiri. Terkadang, hal ini juga yang menyebabkan anak merasa cemas, sehingga bisa pada waktu yang lama bisa menyebabkan gangguan mental. Berikut adalah kebiasaan yang bisa menjadi car dilakukan orang tua dalam mendidik dan mendukung perkembangan anak. Cara menjadi orang tua yang lebih baik adalah dengan mengatakan kalimat positif dan motivasi. Hal ini akan menumbuhkan kepercayaan diri anak, dan membuat mereka semangat dan tidak takut akan kegagalan. Telah disinggung sebelumnya, bahwa perilaku orang tua akan mudah ditiru anak. Dalam tumbuh kembangnya, anak akan menyerap dan meniru hal yang ada di sekitarnya dengan cepat, termasuk kebiasaan orang tuanya. Jadi, sebagai orang tua kita perlu memberikan perilaku baik untuk dijadikan teladan bagi sang anak. Cara ini bisa dijadikan cara untuk membangun hubungan baik dengan anak. Komunikasi ringan,seperti menanyakan keseharian dan pendapat mereka akan membuat anak dan orang tua menjadi lebih dekat. Membiasakan rasa tanggung jawab pada anak bisa dilakukan dengan cara yang sederhana. Contohnya, mengajarkan cara untuk minta maaf ketika habis melakukan kesalahan. Sejumlah kebiasaan orang tua berisiko merusak perkembangan anak, terutama pada psikis mereka. Oleh sebab itu, penting bagi orang tua untuk mengetahui cara mendidik anak yang baik. ",Edu
"Pendaftaran S2 Unair 2023 Kembali Dibuka, Cek Informasi Lengkapnya","Rabu, 01 Nov 2023 19:34 WIB","Pendaftaran jenjang Magister atau S2 di Universitas Airlangga (Unair) 2023 kembali dibuka. Pendaftaran Gelombang III Semester Genap ini dibuka sampai 20 November 2023 pukul 19.00 WIB. Pendaftaran S2 Unair dibuka hingga 5 Gelombang pada masing-masing semester ganjil dan genap. Adapun peminat bisa memilih dua jalur tes, yaitu jalur tes tertulis dan non tulis. Jalur non tulis mencakup TPA dan TOEFL, Lulusan Terbaik Unair, dan Portofolio. Biaya pendaftaran Magister sebesar Rp 700 ribu dan tidak dapat ditarik kembali. Tertarik mendaftar program S2 Unair 2023? Cek informasi lengkapnya melansir dari situs resmi Unair berikut ini. SCROLL TO CONTINUE WITH CONTENT Ujian Program Pascasarjana dan Profesi diadakan secara daring. Adapun Tes Potensi Akademik (TPA) meliputi Tes Kemampuan Verbal, Tes Kemampuan Numerik dan Kemampuan Penalaran, Tes Bahasa Inggris, dan Wawancara. Kemudian untuk seleksi Jalur Non Tes Tulis hanya Tes Wawancara. Ragam Jalur Non Tulis beserta syaratnya adalah: 1. TPA dan TOEFLTPA OTO Bappenas/TPKA AAC UNAIR ≥ 450 (untuk pendaftar S2); ≥ 475 (untuk pendaftar S3) dan TOEFL/Sejenisnya ≥ 450 (untuk pendaftar S2); ≥ 475 (untuk pendaftar S3). 2. Lulusan Terbaik Universitas AirlanggaMempunyai IPK ≥ 3,51 (untuk pendaftar S2); ≥ 3,76 (untuk pendaftar S3) lulusan 3 tahun terakhir 3. Portofolio-Pimpinan dalam perusahaan/ instansi (Kepala Bagian, Kepala Cabang, Manajer, Direktur, Komisaris, Wakil Dekan, Dekan, Rektor) dan linier dengan program studi yang dipilih-Mempunyai penghargaan atas kontribusinya pada pembangunan/ pemberdayaan masyarakat-Praktisi/Staf Ahli/ Konsultan dimana kepakarannya sesuai dengan program studi yang dipilih-Mempunyai karya tulis ilmiah yang diterbitkan dalam Jurnal nasional minimal terakreditasi Sinta 3 atau diterbitkan pada Jurnal Internasional bereputasi dalam 3 tahun terakhir Pendaftaran: 26 Oktober - 20 November 2023Perbaikan Dokumen Pendaftaran: 26 Oktober - 21 November 2023Verifikasi Dokumen Pendaftaran: 26 Oktober - 21 November 2023Pembayaran Biaya Seleksi: 26 Oktober - 21 November 2023Ujian TPA, Bahasa Inggris dan Wawancara: 25 November 2023Pengumuman Hasil Seleksi: 29 November 2023 Informasi lebih lengkap mengenai Pendaftaran S2 Unair Gelombang III Tahun 2023 dapat kamu cek melalui https://ppmb.unair.ac.id/. Jangan sampai terlewat, ya! ",Edu
"Identitas Buku: Pengertian, Unsur, Fungsi, dan Contohnya","Rabu, 01 Nov 2023 18:45 WIB","Ketika meresensi buku atau mengulas buku terdapat beberapa hal yang harus dituliskan, termasuk identitas buku yang terletak pada bagian pendahuluan resensi. Dalam artikel ini, kita akan membahas mulai dari pengertian, unsur, fungsi dan contoh identitas buku. Untuk itu, simak artikel di bawah ini agar lebih paham. Identitas buku merupakan data-data atau informasi gambaran buku secara khusus. Identitas buku mencakup judul buku, nama penulis, tahun terbit dan cetak, ketebalan buku, nomor edisi buku, penerbit, hingga ukuran buku. SCROLL TO CONTINUE WITH CONTENT Informasi identitas buku ini biasanya terdapat pada halaman hak cipta buku, di sampul buku, dan di katalog pustaka. Informasi identitas buku sangat penting untuk pembaca atau pustakawan untuk mengidentifikasi dan menggunakan buku secara efisien. Dikutip dari buku Menilai Karya Melalui Resensi oleh Diah Safitri, identitas buku memiliki beberapa fungsi dan tujuan, yaitu: Unsur-unsur yang biasanya terdapat dalam identitas buku yaitu sebagai berikut. Judul buku adalah elemen utama yang mencerminkan esensi buku. Dalam identitas buku, judul ini menjadi fokus utama yang memberikan gambaran tentang isi buku. Judul yang menarik dapat memikat pembaca potensial. Nama penulis atau pengarang buku adalah bagian penting dalam identitas. Ini membantu pembaca mengidentifikasi siapa yang menciptakan karya tersebut dan memungkinkan pembaca untuk mencari karya-karya lain dari penulis yang sama. Nama penerbit buku adalah informasi tentang siapa yang menerbitkan dan mendistribusikan buku. Ini juga bisa menjadi faktor pertimbangan bagi pembaca yang mencari buku dari penerbit tertentu. Tahun terbit memberikan indikasi kapan buku tersebut pertama kali diterbitkan dan apakah buku tersebut adalah edisi terbaru atau edisi lama. Pembaca seringkali ingin memperoleh informasi yang paling mutakhir, terutama dalam konteks buku referensi dan ilmiah. Ketebalan buku, atau jumlah halaman, memberikan pandangan tentang seberapa panjang atau pendek isi buku. Ini membantu pembaca memperkirakan seberapa tebal buku itu dan juga bisa mempengaruhi harga. Hal ini membantu pembaca memutuskan apakah buku tersebut sesuai dengan kebutuhan dan waktu yang tersedia. Ukuran buku mencerminkan dimensi fisik buku, seperti ukuran A4, A5, atau lainnya. Ini mempengaruhi tata letak, tampilan buku, dan kenyamanan membaca dan menggunakan buku tersebut. Nomor ISBN adalah 13 digit angka kode unik yang terintegrasi dengan komputer yang digunakan secara global untuk mengidentifikasi buku. Setiap buku memiliki ISBN yang berbeda dan digunakan untuk melacak informasi buku. Judul buku: Laskar PelangiPenulis: Andrea HirataTahun terbit: 2005Penerbit: Bentang PustakaJumlah halaman: 529 hlmUkuran buku: 13 cm x 20,5 cmISBN: 970-3062-79-7 Nah, itulah penjelasan mengenai identitas buku, mulai dari pengertian, unsur, fungsi, dan contoh yang berhasil kami rangkum melalui berbagai sumber. Semoga bermanfaat! ",Edu
Pengertian Genosida yang Jadi Alasan Petinggi PBB Mundur dari Jabatannya,"Rabu, 01 Nov 2023 18:30 WIB","Craig Mokhiber mengundurkan diri dari jabatannya sebagai Direktur Kantor Komisaris Tinggi PBB untuk Hak Asasi Manusia di New York, Amerika Serikat. Pada surat pengunduran dirinya yang dilihat detikEdu dalam DailyMail pada Rabu (1/11/2023), ia memprotes bahwa PBB gagal dalam mencegah apa yang dikategorikan sebagai genosida di Gaza, Palestina oleh Israel. Kedua negara ini diketahui memiliki sejarah perseteruan yang panjang. Melansir dari detikNews, konflik bermula dari warga Arab Yahudi yang menempati wilayah Palestina. Meski sudah ditetapkan berdasarkan hasil keputusan PBB, warga Arab Yahudi masih tidak terima. Konflik memuncak saat pendeklarasian negara Israel pada 15 Mei 1948. Warga Palestina menolak dan pecahlah perang bernama Al-Nakhba atau yang diartikan sebagai malapetaka. SCROLL TO CONTINUE WITH CONTENT Perseteruan ini terus berlanjut yang menewaskan ribuan warga sipil. Baru-baru ini, konflik kembali memuncak saat Hamas, kelompok pejuang kemerdekaan Palestina, menyerang Israel pada 7 Oktober lalu. Israel membalasnya dengan serangan hingga saat ini. Menurut data AP News pada Senin (30/10/2023), angka kematian mencapai lebih dari 8.000 orang. Ledakan bom yang dikirimkan Israel merusak pemukiman, sekolah, hingga rumah sakit, termasuk Rumah Sakit Indonesia. Atas peristiwa ini, Mokhiber kembali menegaskan alasan pengunduran dirinya. Ia menyatakan jika konflik saat ini sudah termasuk sebagai text book genocide atau genosida yang didefinisikan sebagaimana di dalam buku. ""Sekali lagi kita melihat genosida terjadi di depan mata kita dan organisasi yang kita layani tampaknya tidak berdaya untuk menghentikannya,"" tulis Mokhiber. Pengacara HAM itu juga menyinggung genosida yang sebelumnya terjadi pada Tutsi di Rwanda, Muslim di Bosnia, Yazidi di Kurdistan Irak dan Rohingya di Myanmar. Menurutnya, PBB gagal 'lagi' dalam mencegah peristiwa serupa terjadi. ""Pembantaian besar-besaran terhadap rakyat Palestina saat ini, yang berakar pada ideologi pemukim kolonial etno-nasionalis, merupakan kelanjutan dari penganiayaan dan pembersihan sistematis yang telah berlangsung selama beberapa dekade,"" tulisnya. Ia pun menuding Amerika, Inggris, dan sebagian besar negara Eropa karena menolak untuk memenuhi kewajiban perjanjian mereka berdasarkan Konvensi Jenewa. Melansir dari laman resmi PBB, Konvensi Jenewa merupakan perjanjian yang mengatur tentang perlindungan terhadap korban dari konflik bersenjata. Menurut situs Museum Memorial Holocaust Amerika Serikat, genosida adalah tindakan yang dilakukan untuk menghancurkan, seluruhnya atau sebagian, suatu kelompok bangsa, etnis, ras atau agama. Genosida merupakan penghabisan orang-orang dalam suatu kelompok tertentu. Genosida berasal dari bahasa Yunani dan Latin. Geno-, dari bahasa Yunani yang berarti ras atau suku, dengan kata -cide (sida), berasal dari bahasa Latin yang berarti pembantaian. Tindakan genosida dapat meliputi: Ada tiga kasus yang tercatat oleh ketentuan konvensi PBB tahun 1948 sebagai kejahatan genosida. Melansir dari BBC, ketiga peristiwa tersebut adalah sebagai berikut. ",Edu
BRI Kembali Buka BFLP General dan IT buat Lulusan S1 dan S2,"Rabu, 01 Nov 2023 17:56 WIB","Sumber Daya Manusia (SDM) yang unggul menjadi salah satu fokus PT Bank Rakyat Indonesia (Persero) Tbk atau BRI untuk menciptakan pertumbuhan yang berkelanjutan. Wujud pengembangan talenta ini salah satunya terlihat dari upaya perseroan menjaring SDM unggul di Indonesia melalui program BRILiaN Future Leader Program (BFLP). Terkait hal tersebut, Direktur Human Capital BRI Agus Winardono mengungkapkan bahwa program Management Trainee kembali dibuka guna menjaring dan mempersiapkan talenta-talenta terbaik bangsa untuk berkarya dan memberi makna Indonesia bersama BRI Group. ""BRI akan menyeleksi pelamar maupun kandidat berkualitas untuk berkarya dan mengembangkan potensi terbaik di BRI Group. Para calon terpilih berkesempatan untuk terus bertumbuh dan belajar demi memberikan kontribusi terbaik untuk memberi makna Indonesia,"" katanya, dikutip Rabu (1/11/2023). SCROLL TO CONTINUE WITH CONTENT Rangkaian program rekrutmen BFLP BRI Group dimulai dengan dilakukannya BRI Campus Roadshow di 4 kota besar (Yogyakarta, Surabaya, Malang, dan Bandung) bekerja sama dengan 4 Perguruan Tinggi di Indonesia, yaitu Universitas Gadjah Mada, Institut Teknologi Sepuluh Nopember, Universitas Brawijaya, dan Universitas Padjadjaran. Kegiatan BRI Campus Roadshow tersebut diisi dengan knowledge sharing dari para narasumber berpengalaman di BRI yang juga merupakan alumni dari masing-masing Perguruan Tinggi. Selain itu, dalam kegiatan tersebut juga diselenggarakan Campus Hiring BFLP secara langsung. Pendaftaran BFLP BRI Group Batch 10 dibuka hingga 14 November 2023 untuk posisi BFLP General dan BFLP IT. Kualifikasi umum yang harus dipenuhi dalam lowongan kerja BRI ini, yakni, lulusan S1 dengan batas usia 25 tahun dan lulusan S2 dengan batas usia 27 tahun. Kandidat BFLP General merupakan lulusan dari program studi Ekonomi, Aktuaria, Hukum, Psikologi, Teknik, Teknologi Pertanian, Pertanian, Perikanan, Agribisnis, Peternakan, Kehutanan, Hubungan Internasional, Ilmu Komunikasi, Administrasi Fiskal, Administrasi Niaga, Administrasi Negara, Administrasi Bisnis, Administrasi Publik, Matematika, Statistika, dan Fisika. Sementara itu, kandidat BFLP IT merupakan lulusan dari program studi Teknik, Sistem Informasi, Ilmu Komputer, Matematika, & Statistika. BRI berhak menetapkan dan memutuskan kandidat-kandidat yang memenuhi kualifikasi pada setiap tahapan seleksi. Hanya kandidat dengan kualifikasi terbaik yang akan dipanggil untuk mengikuti tahapan seleksi. Keputusan tersebut bersifat mutlak serta tidak dapat diganggu gugat. BRI juga mengingatkan kepada masyarakat dan para pelamar pekerjaan agar berhati-hati dan waspada terhadap berbagai bentuk penipuan. Agus menekankan bahwa program rekrutmen yang dilakukan BRI tidak memungut biaya mulai dari awal hingga akhir program alias gratis. Informasi selengkapnya dapat diakses di https://e-recruitment.bri.co.id, instagram @lifeatBRI, dan LinkedIn PT Bank Rakyat Indonesia (Persero), Tbk. Komitmen BRI dalam mengembangkan SDM melalui beragam inisiatif ini pun telah diakui oleh berbagai pihak. Terbaru, bank dengan jaringan terluas di Indonesia ini meraih penghargaan Best Company to Work for in Asia 2022. Penghargaan ini menjadi kali kedua bagi Perseroan mendapatkan apresiasi terhadap komitmennya dalam mengembangkan para karyawannya. Selain itu, BRI juga mendapatkan predikat sebagai Most Caring Companies dalam ajang WE CARE. ""Kami terus menempuh strategi untuk mencapai aspirasi BRI sebagai The Most Valuable Banking Group in Southeast Asia & Champion of Financial Inclusion di mana salah satu enabler-nya adalah Home to The Best Talent,"" pungkasnya. ",Edu
"Gelombang Panas di Laut, Miliaran Kepiting Salju di Pantai Alaska Hilang","Rabu, 01 Nov 2023 17:56 WIB","Populasi kepiting salju di Pantai Alaska diketahui menurun hingga 10 miliar. Penyebabnya adalah suhu air laut yang meningkat akibat serangan gelombang panas. Kepiting salju (Chionoecetes opilio) merupakan spesies perairan dingin yang banyak ditemukan di daerah dengan suhu air di bawah 2°C dan sedikit populasi bisa hidup sampai di suhu 12°C. Di perairan dingin Laut Bering, dekat Alaska, kepiting salju biasanya hidup dengan suhu di dasar laut di bawah 1,6 °C. Sebelumnya, peneliti menemukan bahwa populasi kepiting salju yang pernah dilepas di perairan Alaska pada tahun 2018 hingga 2021, mengalami penurunan signifikan. Total sekitar 10 miliar kepiting salju atau sekitar 90 persen populasi diperkirakan telah lenyap. SCROLL TO CONTINUE WITH CONTENT Fenomena yang belum pernah terjadi sebelumnya mengakibatkan gagal panen yang serius terhadap kepiting salju pada tahun 2022 dan 2023. Melansir laman Smithsonian Magazine, sebuah penelitian mengungkapkan bahwa salah satu faktor utama penyebab penurunan populasi kepiting salju di Laut Bering adalah karena gelombang panas laut yang terjadi pada tahun 2018 dan 2019. Air laut yang lebih hangat kemungkinan besar akan merusak metabolisme kepiting dan meningkatkan kebutuhan kalori mereka. Gelombang panas ini juga akan memengaruhi populasi kepiting salju yang harus mencari lebih banyak makanan untuk bertahan hidup dengan meningkatnya suhu air. ""Dari tahun 2017 hingga 2018, kalori yang mereka butuhkan meningkat empat kali lipat,"" kata Cody Szuwalski, rekan penulis studi dan ahli biologi di National Oceanic and Atmospheric Administration (NOAA). ""Kami mungkin tidak akan melihat banyak dari mereka lagi di dekat Alaska,"" tambahnya. Pakar mengatakan bahwa selama periode gelombang panas, kepiting salju harus bersaing dengan populasi kepiting lainnya yang lebih besar pada tahun 2018 untuk mendapatkan makanan. Karena ketersediaan makanan yang terbatas, banyak kepiting salju mengalami kelaparan dan kematian. Sementara kepiting salju yang selamat juga terlihat memiliki ukuran tubuh yang lebih kecil. Faktanya, gelombang panas ini tidak hanya memengaruhi kepiting salju, tetapi juga mengganggu ekosistem laut secara keseluruhan. Spesies lain, seperti ikan cod Pasifik, memanfaatkan suhu air yang lebih hangat untuk memasuki habitat kepiting dan memakan kepiting ini. Selain kepiting, populasi ikan salmon, burung laut, dan anjing laut juga terpengaruh. Penulis studi dan ahli biologi penelitian perikanan di Alaska Fisheries Science Center NOAA, Kerim Aydin, mengatakan gelombang panas yang datang bisa menciptakan kelaparan dalam jumlah besar. ""Spesies lain mungkin telah pindah untuk memanfaatkannya, dan kemudian ketika gelombang panas berlalu, segalanya mungkin akan kembali normal-meskipun kepiting masih harus menempuh jalan panjang untuk melewatinya bahkan dalam waktu normal,"" ungkapnya dikutip dari CNN. Beberapa spesies, seperti ikan musang dan pollock walleye, mampu beradaptasi lebih cepat dengan suhu air yang lebih hangat. Namun, peneliti juga mengatakan bahwa ini juga akan menjadi fenomena baru di mana keseluruhan spesies yang hidup di Laut Bering kemungkinan akan terlihat sangat berbeda dibandingkan saat ini. Dikutip dari The Guardian, kepiting salju selama ini telah memainkan peran penting dalam industri perikanan komersial di alaskan Alaska yang bernilai lebih dari $150 juta atau berkisar Rp 2 triliun lebih. Namun, karena populasi kepiting salju menurun, penghasilan dari bisnis ini juga menurun, dan orang-orang yang mencari nafkah dari menangkap kepiting salju mengalami kesulitan finansial. ""Tampaknya (ini) merupakan salah satu kerugian terbesar yang dilaporkan dari makrofauna laut yang bergerak akibat gelombang panas laut secara global,"" kata tim peneliti dari NOAA. Ke depannya, studi akan melaporkan lebih banyak analisa di mana ilmuwan perikanan harus mempertimbangkan efek pemanasan global ketika mereka membuat rencana konservasi. Selain itu, pengetahuan akan model dan sistem manajemen saat ini juga akan dilihat dari pengaruh perubahan iklim yang cepat. ",Edu
"Beasiswa Sekolah SMA Unggulan CT ARSA Foundation Sukoharjo Dibuka, Ayo Daftar!","Rabu, 01 Nov 2023 17:30 WIB","SMA Unggulan CT ARSA Foundation Sukoharjo, Jawa Tengah membuka pendaftaran beasiswa sekolah penuh sampai 7 Januari 2024. Siswa penerima beasiswa ini akan mendapat pembebasan biaya penuh alias sekolah gratis dan tinggal di asrama. Beasiswa penuh di SMA Unggulan CT ARSA Foundation Sukoharjo diperuntukkan bagi siswa Islam yang berprestasi akademik dan nonakademik dari keluarga kurang mampu dari Jawa Tengah, Yogyakarta, dan Jawa Timur (eks Karesidenan Madiun, Bojonegoro, Tuban, dan Lamongan). SMA Unggulan CT ARSA Foundation Sukoharjo tercatat meraih peringkat terbaik ke-4 di Provinsi Jawa Tengah pada 2022 dalam Top 1000 Sekolah Berdasarkan Nilai UTBK yang disusun Lembaga Tes Masuk Perguruan Tinggi (LTMPT). SMA terakreditasi A yang didirikan pada 2018 ini merupakan sekolah yang memberikan beasiswa penuh kepada seluruh siswanya untuk memutus mata rantai kemiskinan melalui pendidikan berkualitas. SCROLL TO CONTINUE WITH CONTENT Siswa penerima beasiswa penuh SMA CT ARSA Foundation Sukoharjo akan mendapatkan pendampingan intensif agar mampu diterima di perguruan tinggi terbaik dengan beasiswa. Sebanyak 93% alumni dari SMA Unggulan CT ARSA Foundation Sukoharjo tercatat berhasil melanjutkan pendidikan tinggi di perguruan-perguruan tinggi terbaik di Indonesia maupun dunia. Hampir seluruh alumni sekolah ini tercatat lanjut kuliah dengan beasiswa. Pendaftaran beasiswa SMA CT ARSA Foundation Sukoharjo dibuka di laman https://ppdb.smauctarsaskh.sch.id. Cek informasi lebih lanjut di akun Instagram resmi SMA Unggulan CT ARSA Foundation di @smau.ctarsafsukoharjo. Semoga berhasil, detikers! ",Edu
"4 Aplikasi yang Bisa Bantu UTS Kamu, Siswa-Mahasiswa Wajib Cek!","Rabu, 01 Nov 2023 17:00 WIB","Memasuki masa ujian, siswa dan mahasiswa bisa lho memanfaatkan aplikasi yang bisa bantu belajar. Apa saja? Di era digital ini, ada banyak aplikasi yang siap membantu kamu dalam belajar. Baik belajar untuk ujian harian, Ujian Tengah Semester (UTS), atau Ujian Akhir Semester (UAS), aplikasi ini bisa kamu akses di mana saja dan gratis. Apa saja aplikasi yang bisa bantu belajar siswa hingga mahasiswa? Simak daftarnya berikut ini dilansir dari unggahan Instagram @ditjen.dikti. SCROLL TO CONTINUE WITH CONTENT Google Calendar adalah salah satu aplikasi yang dikembangkan oleh Google. Selain memasukkan jadwal acara, kamu juga bisa menyusun jadwal ujian supaya tenggat pengumpulannya tidak terlewati. Notion dirilis sejak tahun 2018 oleh Notion Labs, Inc. Aplikasi ini bisa kau manfaatkan untuk membuat catatan secara rapi dan teratur, sehingga akan memudahkan mencari materi saat menjelang ujian. Google Cendekia merupakan mesin pencarian berbagai literatur ilmiah. Fitur Google ini bisa kamu gunakan untuk mencari berbagai sumber dalam mengerjakan ujian. Terakhir, kamu bisa mengakses aplikasi berlogo hijau ini. Grammarly dapat mendeteksi kesalahan kosakata dan struktur kalimat dalam tugas atau ujian yang menggunakan bahasa Inggris. Selain aplikasi di atas, Ditjen Dikti juga membagikan tips untuk belajar UTS. Simak Yuk! Ada empat gaya belajar yang bisa kamu tekuni. Gaya belajar ini dibedakan atas visual, auditory, read/write, dan kinestetik. -Visual: Belajar lebih mudah dengan memahami gambar, diagram/grafik mindmap, dan objek visual lainnya-Auditory: Mudah memahami materi pembelajaran melalui metode lisan, berdiskusi, dan mendengarkan audiobook atau podcast-Read/Write: Gaya belajar terasa lebih efektif dengan mencatat dan menyusun poin pembelajaran secara terstruktur supaya mudah dibaca-Kinestetik: Mudah memahami materi dan teori pembelajaran dengan mempraktikkannya secara langsung Apakah kamu sudah belajar keras atau belajar cerdas? Belajar keras seperti belajar tanpa henti dari pagi sampai subuh, menghafal seluruh rumus dalam satu malam, atau mengorbankan waktu untuk istirahat untuk belajar. Kamu bisa belajar sambil mengimbangi waktu istirahat. Cara-cara belajar cerdas adalah: -Belajar dengan teknik mencicil materi setiap harinya menjelang ujian-Memahami konsep dari suatu rumus supaya tidak hanya sekadar ingat-Berusaha menyeimbangkan waktu belajar dan istirahat untuk kesehatan mental serta kinerja akademis yang baik Untuk manajemen waktu dan menjaga fokus, kamu bisa menggunakan Teknik Pomodoro. Metode ini akan membantu menyeimbangkan waktu belajar dan istirahat supaya tidak mudah stres menjelang ujian. Suasana belajar yang nyaman akan meningkatkan fokus dan menyerap materi lebih cepat. Selain itu, kamu juga dapat membuat kelompok belajar untuk menciptakan metode belajar yang lebih variatif. Selamat menghadapi ujian, detikers! ",Edu
"Respirasi Aerob: Pengertian, Tahapan, Ciri, dan Fungsi","Rabu, 01 Nov 2023 16:45 WIB","Semua makhluk memerlukan respirasi untuk mendapatkan energi yang diperlukan dalam aktivitas sehari-hari. Energi ini dihasilkan melalui oksidasi zat makanan yang berfungsi sebagai sumber energi. Proses oksidasi ini terjadi di setiap sel hidup dan disebut sebagai respirasi sel. Terdapat juga jenis respirasi yaitu respirasi aerob dan respirasi anaerob. Untuk mengetahui mengenai respirasi aerob lebih mendalam, yuk simak penjelasan berikut ini! SCROLL TO CONTINUE WITH CONTENT Dikutip dari buku Biologi SMA untuk Kelas XII, pernapasan atau respirasi aerob adalah proses pembebasan energi kimiawi yang terkandung dalam molekul organik dalam sel hidup menjadi energi yang dapat digunakan untuk bermacam aktivitas tubuh. Menurut buku Biologi Jilid 3, respirasi aerob merupakan peristiwa pembakaran zat yang melibatkan oksigen dari pernapasan. Bahan bakar utama dari respirasi aerob adalah glukosa (karbohidrat). Respirasi aerob umumnya terjadi pada tumbuhan tingkat tinggi. Persamaan kimia respirasi aerob dapat dituliskan sebagai berikut: C₆H₁₂O₆ (Glukosa) + 6O₂ (Oksigen) → 6CO₂ (Karbondioksida) + 6H₂O (Air) + 38 ATP (Energi) Proses atau tahapan respirasi aerob secara garis besar dibedakan menjadi tiga tahapan utama dan satu tahap transisi. Glikolisis merupakan peristiwa pemecahan 1 molekul glukosa (terdiri dari 6 atom karbon) atau monosakarida yang lain menjadi 2 molekul asam piruvat (terdiri dari 3 atom karbon) yang berlangsung di sitosol sitoplasma. Pada proses pemecahan tersebut akan dihasilkan hasil samping berupa 2 molekul NADH (Nicotinamide Adenine Dinucleotide H), dan 2 molekul ATP. Tahapan memecah molekul glukosa menjadi asam piruvat melalui tahapan terbentuk senyawa antara berupa PGAL (Phosphogliseraldehid). Tahap glikolisis ini dapat berlangsung tanpa oksigen, sehingga glikolisis juga dapat digolongkan sebagai tahap anaerobik, tetapi hasilnya akan diarahkan ke tahap aerobik jika oksigen tersedia. Dekarboksilasi oksidatif merupakan peristiwa pelepasan gugus karboksil dari asam piruvat (3 atom karbon) dan penambahan molekul KoA sehingga menghasilkan Asetil KoA (2 karbon) dalam membran krista mitokondria. Hasil akhir dari proses dekarboksilasi oksidatif menghasilkan 2 asetil-KoA, 2 CO2 dan 2 molekul NADH. Pembentukan asetil-KoA memerlukan kehadiran vitamin B1. Reaksi dekarboksilasi oksidatif dikatalisis oleh enzim piruvat dehidrogenase. Proses selanjutnya, siklus Krebs, adalah daur asetil-KoA menjadi beberapa bentuk sehingga dihasilkan banyak akseptor elektron. Proses ini terjadi di mitokondria sel dan melibatkan oksidasi molekul asam piruvat menjadi CO2. Selama siklus Krebs, 6 NADH dan FADH2 dihasilkan, yang kemudian akan digunakan dalam rantai transpor elektron untuk menghasilkan lebih banyak ATP. Siklus ini juga menghasilkan 2 ATP langsung dan berperan dalam menghasilkan 4 CO2 sebagai produk sampingan. Proses ini disebut daur atau siklus Krebs sesuai dengan orang yang pertama kali mengamati dan menjelaskan fenomena ini pada tahun 1930 yaitu Hans Krebs, seorang ahli biokimia Jerman. Transfer elektron adalah proses dalam respirasi aerob dimana elektron berpindah dari molekul-molekul seperti NADH dan FADH2 melalui serangkaian kompleks protein dalam krista mitokondria. Selama proses ini, energi dari elektron digunakan untuk memompa proton melintasi membran mitokondria, menciptakan gradien elektrokimia. Transpor elektron akan membentuk H20. Gradien ini memicu sintesis ATP melalui enzim ATP sintase, menghasilkan energi kimia yang digunakan oleh sel untuk berbagai fungsi. Reaksi ini menghasilkan 38 ATP. Akan tetapi, saat memasuki mitokondria akan dibutuhkan 2 ATP hingga hasil akhirnya adalah 36 ATP.Ini adalah tahap akhir dalam produksi ATP dalam respirasi aerob. Berikut adalah ciri-ciri dari proses respirasi aerob, yaitu: Dilansir dari laman Sciencing, fungsi dari respirasi aerob adalah untuk menyediakan energi dalam bentuk ATP pada sel-sel sehingga dapat menyediakan bahan bakar bagi perbaikan, pertumbuhan, dan pemeliharaan sel dan jaringan. Menurut e-Modul Biologi Kemendikbud, respirasi aerob memiliki tiga fungsi yaitu menghasilkan NADH, FADH, ATP, serta membentuk kembali oksaloasetat yang berfungsi untuk siklus Krebs selanjutnya. Demikian penjelasan mengenai respirasi aerob. Respirasi aerob merupakan proses pemecahan senyawa kompleks menjadi senyawa sederhana yang menghasilkan energi dengan menggunakan oksigen sebagai akseptor elektron. Semoga membantu, detikers! ",Edu
Bencana Kelaparan di Yahukimo: Sebab dan Penanggulangan,"Rabu, 01 Nov 2023 16:30 WIB","24 Orang meninggal dunia akibat bencana gagal panen dan kekeringan di Distik Amuma, Kabupaten Yahukimo, Papua Pegunungan. Menteri Koordinator Bidang Pembangunan Manusia dan Kebudayaan (Menko PMK) Muhadjir Effendy mengatakan, sementara kelaparan tertangani di tingkat kabupaten, pemerintah masih akan mencari penyelesaian permanen atas bencana tersebut. ""Sekarang ini akan kita cari penyelesaian permanen bagaimana supaya itu tidak terjadi berulang di wilayah-wilayah itu. Karena itu kan selalu terjadi tiap tahun, pindah-pindah saja, tapi kasusnya sama,"" kata Muhadjir pada wartawan, dikutip dari detiknews. Menurut Muhadjir, embun salju salah satunya kerap berdampak buruk pada hasil pertanian setempat. Akibatnya, warga Yahukimo kehilangan sumber makanan, terutama yang mengandalkan bahan pangan pokok umbi-umbian. SCROLL TO CONTINUE WITH CONTENT ""Kan di Pegunungan Tengah dan Pegunungan Puncak itu ada yang di atas ketinggian sampai 4.000 meter di atas permukaan laut, udaranya sangat tipis, kemudian juga akibat pemanasan global ini, salju yang di atas Gunung Jayawijaya itu kan sering meleleh,"" ucapnya. Di sisi lain, sambung Muhadjir, sagu tidak bisa tumbuh di wilayah setempat yang kering dan dingin. ""Sementara kalau kita mau introduksi tanaman lain, misalnya padi dan sebagainya, harus kita cek cuacanya, mungkin tidak di sana untuk ditanam padi. Kemudian kalau sagu di tempat itu tidak bisa tumbuh sagu itu karena daerah kering, kering tapi dingin,"" katanya. Kepala Badan Nasional Penanggulangan Baencana (BNPB) Letjen TNI Suharyanto menyatakan, bencana di Kabupaten Yahukimo tidak hanya soal kelaparan imbas gagal panen, tetapi juga bencana longsor. ""Ada juga bencana longsor selain gagal panen, akibat bencana longsor 70 rumah masyarakat rusak ringan dan 30 lebih rumah rusak berat. Seperti di daerah lain yang rumah rusak ringan akan dapat bantuan per rumah Rp 15 juta dan rusak berat akan dapat pergantian Rp 60 juta, data rumah rusak ini sifatnya masih belum pasti dan akan diverifikasi terus,"" kata Suharyanto, dikutip dari laman BNPB. Plt Deputi Bidang Koordinasi Pemerataan Pembangunan Wilayah dan Penanggulangan Bencana Kemenko PMK Sorni Paskah Daeli mengatakan, masalah utama warga Papua Pegunungan, khususnya Yahukimo, yakni fenomena cuaca ekstrem akibat curah hujan tinggi diselingi cuaca panas. Akibatnya, ubi dan keladi sulit berbuah dan perkebunan warga gagal panen. Lebih lanjut, warga yang tidak ada bahan makanan mengalami kesulitan untuk menjangkau lokasi pangan di distrik lain karena jarak tempuh perjalanan yang jauh. Masalah konektivitas antardistrik ini menurutnya tengah direspons jangka pendek dengan rencana pembangunan gudang logistik di sekitar lokasi yang kerap mengalami bencana kelaparan. Konektivitas jalan darat dan menambah runway di Amuma menurut Sorni juga menjadi jalan agar pesawat besar bisa mendarat dan membawa bahan logistik lebih banyak dari wilayah Wamena dan Mimika. Sedangkan rencana antisipasi bencana kelaparan jangka panjang yakni dengan menemukan umbi-umbian varietas unggul dan transfer teknologi pertanian. Muhadjir mengatakan, dirinya sudah bertemu dengan Menteri Pertanian Andi Amran Sulaiman dan Rektor IPB University Arif Satria untuk bekerja sama bidang pembangunan desa dan wilayah di Papua dengan Kementerian Sosial (Kemensos). Dalam penjajakan kerja sama tersebut, Muhadjir mengatakan dirinya mengusulkan penyelesaian segera berbentuk transfer teknologi tepat guna di sektor pertanian dan pengenalan varietas unggul yang tahan cuaca untuk wilayah tersebut. Harapannya, masalah tanaman yang tidak bisa produktif akibat perubahan cuaca ekstrem bisa ditangani. ""Saya usulkan nanti segera ada penyelesaian berupa transfer teknologi tepat guna, sektor pertanian dan pengenalan varietas unggul yang tahan cuaca di wilayah-wilayah yang selama ini tanamannya tidak bisa produktif karena akibat perubahan cuaca yang sangat ekstrem di tempat itu,"" ucapnya. Dikutip dari laman Kemenko PMK, Kementerian Sosial melakukan pendistribusian bahan logistik 11,5 ton pangan dan sandang ke Distrik Amuma pada 20 Oktober 2023 dan 7,9 ton hingga 26 Oktober 2023. Suharyanto mengatakan, merespons status Tanggap Darurat Bencana pada 21 Oktober-1 November 2023, BNPB per 26 Oktober telah menyiapkan beras 20 ton, makanan siap saji 10.000 paket, biskuit protein 10.000 bungkus, tenda pengungsi 5 unit, sembako 1.500 paket, hygiene kits 1.500 paket, solar panel 50 unit, dan anggaran operasional Rp 1 miliar. Untuk mengirimkan makana, Suharyanto mengatakan BNPB menggukana 1 unit pesawat Cessna Grand Caravan berkapasitas hampir 1,5 ton per satu kali penerbangan. Harapannya, distribusi bantuan ke titik terdampak lebih lancar. ""Kemudian kita siapkan 1 pesawat untuk mengangkutnya, karena medan sangat berat dan dari satu titik ke titik lain hanya bisa menggunakan jalur udara atau pesawat,"" terangnya. ",Edu
25 Contoh Soal Tes SKD CPNS 2023 TWK Part 2 beserta Jawabannya,"Rabu, 01 Nov 2023 16:00 WIB","Seleksi Kompetensi Dasar (SKD) akan diikuti oleh para peserta CPNS yang lolos tahap seleksi administrasi pada 9-18 November 2023. Untuk itu, peserta perlu berlatih soal SKD CPNS 2023. Terdapat tiga materi dalam SKD ini yakni Tes Wawasan Kebangsaan (TWK), Tes Intelegensia Umum (TIU), dan Tes Karakteristik Pribadi (TKP). Masing-masing jumlah soalnya antara lain TWK (30 soal), TIU (35 soal), dan TKP (45 soal), sehingga totalnya 110 butir. Khususnya dalam TWK, peserta akan bertemu soal-soal terkait wawasan kebangsaan, UUD 1945, NKRI, Bhineka Tunggal Ika, dan lainnya. SCROLL TO CONTINUE WITH CONTENT Untuk lebih memahaminya, berikut beberapa contoh soal TWK SKD CPNS 2023 dikutip dari E-Book Soal-Soal HOTS Tes CPNS terbitan Pustaka Baru Press:  1. Perhatikan pernyataan berikut ini! 1) Unsur-unsur dalam Pancasila belum secara langsung dirumuskan menjadi dasar filsafat negara2) Nilai-nilai tersebut terkandung dalam pandangan hidup masyarakat Indonesia sebelum membentuknegara3) Asal mula tidak langsung Pancasila hakikatnya berasal dari bangsa Indonesia itu sendiri Pernyataan di atas merupakan uraian dari... A. Asal Mula Tujuan PancasilaB. Asal Mula BahanC. Asal Mula BentukD. Asal Mula Tidak LangsungE. Asal Mula Karya Jawaban: D 2. Pancasila berasal dari kata panca yang berarti lima dan sila yang berarti sendi, asas, dasar atau peraturan tingkah laku yang penting dan baik. Dengan demikian, Pancasila merupakan lima dasar yang berisi pedoman atau aturan tentang tingkah laku yang penting dan baik, merupakan pengertian Pancasila yang diungkapkan oleh... A. NotonegoroB. Moh. YaminC. Ir. SukarnoD. Ki Hajar DewantaraE. Soepomo Jawaban: B 3. Perhatikan pernyataan berikut ini! 1) Modal pembangunan2) Satu-satunya asas bagi kehidupan bangsa Indonesia3) Pendorong terciptanya pembangunan di segala sektor4) Berasal dari rakyat Indonesia dan negara serumpun yang lain5) Pandangan hidup bangsa sebelum bangsa Indonesia6) Cita-cita dan tujuan seluruh bangsa Indonesia Dari pernyataan di atas yang merupakan fungsi dan peranan Pancasila dalam kehidupan berbangsa dan bernegara Indonesia adalah nomor... A. 1,2,3B. 2,3,4C. 3,4,5D. 4,5,6E. 1 dan 6 Jawaban: E 4. Pancasila digunakan sebagai dasar untuk mengatur penyelenggaraan ketatanegaraan negara, hal ini sesuai dengan kedudukan Pancasila sebagai... A. Pandangan hidup bangsaB. Moral pembangunan bangsaC. Jiwa kepribadian bangsaD. Dasar negaraE. Perjanjian luhur bangsa Jawaban: D 5. Mengembangkan sikap bahwa bangsa Indonesia merupakan bagian dari seluruh umat manusia merupakan perwujudan sila ke-... A. 1B. 2C. 3D. 4E. 5 Jawaban: B 6. Peristiwa bom Hiroshima yang menandai awal kekalahan Jepang terhadap sekutu terjadi pada tanggal A. 14 Agustus 1945B. 10 Oktober 1944C. 6 Agustus 1945D. 22 Juni 1944E. 1 September 1944 Jawaban: C 7. Rencana awal pembacaan teks proklamasi kemerdekaan RI akan dilakukan di A. Rumah Laksamana MaedaB. Rumah Bung KarnoC. Lapangan MerdekaD. Bundaran HIE. Lapangan Ikada Jawaban: E 8. Prasasti Yupa yang dikeluarkan oleh Mulawarman berbentuk tiang yang digunakan juga untuk ... A. Pemujaan roh nenek moyangB. Meletakkan sesajiC. Tanda batas kerajaanD. Mengikat hewan kurban sebagai persembahanE. Mengadakan upacara kematian Jawaban: D 9. Sebutan Nusantara pertama kali dipakai oleh seorang pujangga pada masa kerajaan ... A. MajapahitB. SriwijayaC. Samudra pasaiD. KutaiE. Tarumanegara Jawaban: B 10. Budi Oetomo adalah organisasi pertama di Indonesia yang diketuai oleh ... A. Dr. SoetomoB. Dr. Wahidin SudirohusodoC. H. SamanhudiD. Ir. SoekarnoE. Douwes Dekker Jawaban: B 11. Penyelenggaraan pemilu yang pertama kali di Indonesia pada tahun 1955 merupakan salah satu prestasi yang dicapai pada masa... A. Kabinet Ali WongsoB. Kabinet Burhanudin HarahapC. Kabinet Ali IID. Kabinet DjuandaE. Kabinet Natsir Jawaban: B 12. Kabinet yang menteri-menterinya berasal dari beberapa partai yang secara bersama-sama menguasai kursi terbanyak di parlemen disebut dengan kabinet... A. PartaiB. KoalisiC. NasionalD. ParlementerE. Presidensial Jawaban: B 13. Kebijakan pemotongan nilai uang (sanering) yaitu memotong semua uang yang bernilai Rp. 2,50 ke atas hingga nilainya tinggal setengahnya terjadi pada saat Menteri Keuangan dijabat oleh... A. WilopoB. Ali SastroamidjojoC. Burhanudin HarahapD. Syafrudin PrawiranegaraE. Sri Sultan Hamengkubuwono IX Jawaban: D 14. Perhatikan pernyataan berikut ini! 1) Pertumbuhan ekonomi2) Inflasi3) Deflasi4) Suku bunga SBI5) Harga BBM6) Produksi minyak Indonesia Indikator ekonomi makro yang digunakan sebagai dasar dalam penyusunanAPBN ditunjukkan oleh nomor... A. 1, 2, 4B. 1, 3, 5C. 2, 4, 5D. 3, 5, 6E. 2, 4, 6 Jawaban: E 15. Hukum yang ditetapkan oleh negara-negara suatu dalam perjanjian Negara disebut dengan hukum... A. Hukum DoktrinB. Hukum TraktatC. Hukum Undang-undangD. Hukum YurisprudensiE. Hukum Adat Jawaban: B 16. Perhatikan pernyataan berikut ini! 1) Sudah berusia 60 tahun2) Sudah berusia 67 tahun3) Telah berakhir masa jabatannya4) Melakukan tindak pidana dengan hukuman fakultatif5) Tidak menghadiri persidangan 5 kali berturut-turut Pemberhentian hakim konstitusi dari jabatannya secara hormat ditunjukkan oleh nomor... A. 1 dan 3B. 2 dan 3C. 3 dan 5D. 4 dan 5E. 1 dan 5 Jawaban: B 17. Anggota MPR terdiri atas anggota DPR dan anggota DPD yang dipilih melalui pemilihan umum untuk masa jabatan selama lima tahun dan berakhir ... anggota MPR yang baru mengucapkan sumpah/janji yang dipandu oleh Ketua Mahkamah Agung dalam sidang paripurna MPR. A. SebelumB. SesudahC. BersamaanD. Satu bulan setelahE. Satu bulan sebelum Jawaban: C 18. Komisi Yudisial adalah lembaga negara yang mempunyai wewenang berikut ini... A. Mengajukan tiga orang anggota hakim konstitusi dan menegakkan kehormatan, keluhuran martabat, serta perilaku hakim.B. Mengajukan tiga orang anggota hakim konstitusi dan memberikan pertimbangan dalam hal Presidenmemberi grasi dan rehabilitasiC. Mengusulkan pengangkatan hakim agung dan menjaga dan menegakkan kehormatan, keluhuranmartabat, serta perilaku hakim.D. Memberikan pertimbangan dalam hal Presiden memberi grasi dan rehabilitasi dan mengusulkan pengangkatan hakim agungE. Berwenang mengadili pada tingkat kasasi, menguji peraturan perundang-undangan di bawah undang-undang terhadap undang-undang, dan mempunyai wewenang lainnya yang diberikan oleh undang-undang. Jawaban: E 19. Dalam sistem checks and balances di Indonesia, pihak MPR memiliki wewenang untuk... A. Memberi pertimbangan dalam memberi amnesti dan abolisiB. Mengawasi pemerintah atau eksekutif sesuai hak pengawasanC. Menyetujui atau menolak menyetujui perjanjian InternasionalD. Memberi pertimbangan dalam pengangkatan dan penerimaan duta asingE. Memberhentikan Presiden dan Wakil Presiden atas usul DPR Jawaban: E 20. Berdasarkan UUD 1945 pasal 23F, Pimpinan Badan Pemeriksa Keuangan dipilih dari dan oleh... A. Anggota DPRB. Anggota MPRC. Anggota PresidenD. Anggota MAE. Anggota BPK Jawaban: E 21. Semboyan Bhineka Tunggal Ika yang menjadi semboyan nasional bangsa Indonesia, diambil dari Kitab A. Kitab NegarakertagamaB. Kitab SmaradahanaC. Kitab SutasomaD. Kitab Arjuna WiwahaE. Jangka Jayabaya Jawaban: C 22. Yang berkedudukan sebagai landasan idiil dalam wawasan nusantara dalam paradigma sosial adalah ... A. GBHN sebagai politik dan strategi nasional.B. UUD 1945.C. Pancasila.D. Pembukaan UUD 1945 alinea ke-4.E. Ketahanan nasional sebagai konsepsi nasional Jawaban: C 23. Dua aspek kekuasaan yang mempengaruhi praktik tumbuh dan kembangnya nasionalisme adalah ... A. Aspek fisik dan moralB. Aspek ekonomi dan batinC. Aspek ekonomi dan politikD. Aspek politik dan hukumE. Aspek fisik dan batin Jawaban: E 24. Sikap menghormati dan keberagaman bangsa adalah sebagai berikut, kecuali ... A. Adanya kesadaran untuk menjaga keharmonisan keluarga.B. Penyelesaian permasalahan yang ada dengan musyawarah.C. Adanya kesadaran untuk mengutamakan kepentingan bersama di atas kepentingan pribadi.D. Terciptanya kerukunan seperti halnya dalam keluarga.E. Adanya semangat tolong menolong, kerjasama untuk menyelesaikan suatu masalah, dan kerja sama dalam memenuhi kebutuhan hidup. Jawaban: A 25. Pulau Dana merupakan pulau terluar Indonesia yang berbatasan dengan negara ... A. AustraliaB. MalaysiaC. FilipinaD. ThailandE. Singapura Jawaban: A Demikianlah contoh-contoh soal TWK CPNS 2023. Yuk segera berlatih! ",Edu
"Perpindahan Konveksi: Pengertian, Ciri-ciri, Jenis, dan Contohnya","Rabu, 01 Nov 2023 15:30 WIB","Tahukah detikers, salah satu bentuk perpindahan kalor yang paling sering dijumpai dalam kehidupan sehari-hari adalah perpindahan konveksi.Misalnya, memanaskan air untuk membuat teh atau kopi. Nah, kalau memasak air merupakan bentuk perpindahan kalor meskipun airnya hanya ada di satu wadah saja. Namun ternyata air dalam wadah yang dipanaskan mengalami gerak sehingga menyebabkan perpindahan energi. Secara umum, energi dapat berpindah. Salah satu bentuk energi termal adalah kalor. Energi termal ini berbentuk energi kinetik atom dan molekul dari suatu bahan. Pergerakan ini lah yang mampu memindahkan kalor dari bahan satu ke bahan lainnya. SCROLL TO CONTINUE WITH CONTENT Perpindahan kalor dapat dilakukan secara konduksi, konveksi, dan radiasi. Kali ini, mari mengenal salah satu jenis perpindahan kalor yaitu secara konveksi. Istilah konveksi seringkali ditemukan dalam bidang fisika, lebih tepatnya mekanika fluida. Konveksi digunakan untuk mendefinisikan perpindahan kalor melalui fluida karena adanya gerak molekul. Mengutip dari IPA Fisika Jilid 1 karya Mikrajuddin Abdullah, pengertian konveksi adalah cara perpindahan kalor melalui zat yang bergerak, seperti zat gas dan zat cair. Kalor pada zat-zat tersebut tidak merambat melainkan disimpan oleh partikel-partikel zat. Jika partikel zat tersebut berpindah, maka secara otomatis kalor yang disimpan di dalamnya juga ikut berpindah. Perpindahan ini dapat disebabkan oleh faktor eksternal seperti pengadukan atau internal dari molekul dari bahan penghantar. Tanpa usaha mekanik yang dilakukan manusia, konveksi akan terjadi karena perbedaan massa jenis. Perbedaan massa jenis yang tidak terlalu besar akan menyebabkan proses konveksi berlangsung lambat. Sedangkan dengan adanya usaha mekanik atau bantuan eksternal dari manusia, perpindahan kalor yang terkandung dalam zat akan jauh lebih cepat. Dengan demikian, konveksi merupakan aliran perpindahan kalor yang disertai perpindahan massa atau perpindahan partikel partikel zat perantaranya. Berdasarkan penjelasan dari buku Fisika Kelompok Teknologi Kesehatan SMK Kelas XI karya Osa Pauliza, berikut beberapa ciri perpindahan kalor yang terjadi secara konveksi: Menurut proses terjadinya, perpindahan kalor secara konveksi terdiri dari dua jenis. Dikutip dari buku Fisika untuk SMA/ MA Kelas X karya Dwi Satya Palupi dkk., jenis-jenis konveksi adalah: Proses perpindahan kalor konveksi secara alami terjadi akibat dari perbedaan massa jenis. Contoh perpindahan kalor secara konveksi alami ini dapat ditemukan ketika memanaskan air di atas kompor. Adapun proses perpindahan kalor secara konveksi paksa terjadi ketika ada suatu paksaan terhadap partikel yang bersuhu tinggi. Bentuk paksaan ini berasal dari faktor luar, seperti tekanan yang menyebabkan suatu gerak perpindahan. Contohnya, perpindahan kalor dalam sistem pendinginan mesin mobil (radiator mobil) dan pengering rambut (hair dryer).  ",Edu
"Temukan Penyaluran Dana KIP Kuliah ke Mahasiswa Tidak Aktif, Kemdikbud Lakukan Ini","Rabu, 01 Nov 2023 15:00 WIB","Kemendikbudristek menemukan penyaluran dana pada mahasiswa penerima KIP Kuliah yang sudah tidak aktif. Temuan ini berdasarkan data BPK pada tahun 2022. Seperti diketahui, KIP Kuliah merupakan bantuan pendidikan yang diberikan oleh Kemendikbudristek kepada mahasiswa aktif yang memiliki keterbatasan ekonomi, tetapi berprestasi. Bantuan ini diberikan hingga mahasiswa menamatkan masa studinya. Menindaklanjuti penemuan ini, Muni Ika selaku Sub Koordinator KIP Kuliah di Pusat Layanan Pembiayaan Pendidikan (Puslapdik) Kemendikbudristek, menegaskan agar penerima KIP Kuliah wajib tercatat pada Pangkalan Data Pendidikan Tinggi (PDDikti). Data mahasiswa wajib dilaporkan oleh operator KIP Kuliah ke (PDDikti) untuk dilakukan sinkronisasi atau pemadanan. Pemadanan itu diperlukan agar seluruh mahasiswa penerima KIP Kuliah telah tercatat di PDDikti. SCROLL TO CONTINUE WITH CONTENT ""Nah, melalui Persesjen ini, ditegaskan, bila data mahasiswa penerima KIP Kuliah tidak terdata di PDDikti, maka tidak bisa ditetapkan sebagai penerima KIP Kuliah,"" jelas Muni dalam laman Puslapdik dikutip Selasa (31/10/2023). Aturan ini ditegaskan dalam Peraturan Sekretaris Jenderal (Persesjen) Kemendikbudristek No 13 Tahun 2023 tentang Petunjuk Pengelolaan Program Indonesia Pintar Pendidikan Tinggi. Sebetulnya, lanjut Muni, kewajiban melaporkan data mahasiswa sudah disampaikan Puslapdik pada beberapa pertemuan rapat koordinasi dengan perguruan tinggi serta dalam bentuk surat imbauan ke semua perguruan tinggi. Namun, karena hanya imbauan dan hanya melalui surat tidak cukup sehingga perlu ditegaskan dalam Persesjen. Kata Muni Ika, pendataan mahasiswa penerima KIP Kuliah di PDDikti itu harus berjalan paralel dengan pengusulan pencairan yang yang paling lambat tanggal 30 Maret untuk semester genap dan tanggal 30 September untuk semester gasal. ""Kalau lewat dari tanggal itu datanya tidak ada, dianggap mengundurkan diri, jadi tidak bisa ditetapkan sebagai penerima KIP Kuliah kecuali ada pertimbangan yang kuat,"" kata Muni. ",Edu
"Mengenal Klimatologi, Ilmu yang Mempelajari Tentang Iklim","Rabu, 01 Nov 2023 14:45 WIB","Ilmu geografi adalah ilmu yang mempelajari tentang berbagai macam aktivitas manusia beserta alam, sampai interaksi keduanya dengan menggunakan perspektif ruang. Geografi dibagi ke dalam 4 bidang, yakni geografi teknik, geografi regional, geografi fisik, dan geografi manusia. Pada geografi fisik, dibagi ke dalam beberapa cabang ilmu, yaitu cabang ilmu meteorologi dan klimatologi. Klimatologi sendiri adalah cabang ilmu geografi yang mempelajari dan mengkaji tentang iklim. Umumnya, klimatologi akan mengkaji mengenai penyebab, akibat, dan alasan dibalik perubahan iklim. Kira-kira apa saja klasifikasi dari klimatologi? Bagaimanakah cabang ilmu dari klimatologi? Lalu apa perbedaan antara klimatologi dengan meteorologi? Nah, untuk tahu jawabannya, simak penjelasannya di bawah ini. SCROLL TO CONTINUE WITH CONTENT Klimatologi berasal dari bahasa Yunani ""klima"" dan ""logos"". Klima berarti wilayah, dan logos berarti ilmu. Sedangkan dalam bahasa Inggris, klimatologi disebut sebagai climatology. Dikutip melalui buku berjudul Instrumentasi Klimatologi dan Meteorologi (2020), klimatologi adalah ilmu yang mempelajari mengenai iklim. Lebih jelasnya, klimatologi adalah kajian yang membahas mengenai perubahan iklim di atmosfer dalam jangka panjang pada daerah tertentu. Iklim adalah kondisi cuaca rata-rata pada wilayah tertentu. Para ahli klimatologi memahami 3 aspek utama dari iklim yakni: Pola cuaca yang mengatur tentang kondisi normal pada berbagai daerah yang ada di Indonesia. Pola cuaca yang mengatur tentang hubungan antara aspek dan unsur dari cuaca, yaitu hujan, sinar matahari, tekanan atmosfer, dan hujan. Aspek ketiga adalah proses tentang perubahan cuaca dari waktu ke waktu. Klimatologi biasanya melakukan pengukuran terhadap kelembaban, curah hujan, tekanan atmosfer, angin, dan rata-rata temperatur di setiap daerah. Jangka waktu dari klimatologi biasanya dari hari ke hari sampai ke tahun. Kamu mungkin sudah tidak asing lagi mengenai isu pemanasan global atau global warming bukan? Pemanasan global adalah peningkatan suhu rata-rata pada laut, atmosfer, dan daratan bumi. Nah, isu pemanasan global inilah yang menjadi tanggung jawab dari ahli klimatologi. Ruang lingkup dari klimatologi dibedakan menjadi tiga. Berikut ini penjelasannya: Mikroklimatologi adalah ilmu iklim yang mengkaji tentang atmosfer sekitar ± 10 m dari permukaan tanah. Contohnya: iklim hutan, sawah, dan kota. Mesoklimatologi adalah ilmu iklim yang mengkaji mengenai perilaku atmosfer dalam batas regional. Contohnya: iklim di Jawa Tengah. makroklimatologi adalah ilmu iklim yang mengkaji tentang iklim pada wilayah luas. Contohnya: iklim di Indonesia. Tujuan dari penerapan ilmu klimatologi adalah, untuk mempelajari mengenai karakteristik dari atmosfer dalam upaya untuk mengendalikan iklim global, unsur iklim, variasi iklim, jenis iklim, hingga dampaknya pada manusia. Klimatologi memiliki banyak manfaat dalam berbagai faktor. Klimatologi dapat membantu orang-orang dalam memahami kondisi atmosfer mengenai pola cuaca serta perubahan yang dialami dari waktu ke waktu. Klimatologi juga bermanfaat dalam beberapa sektor kehidupan, antara lain sektor peternakan, kehutanan, pariwisata, perdagangan, perhubungan, kesehatan, dan pertanian. Mengutip melalui laman BMKG, cabang ilmu pada klimatologi dikelompokkan menjadi 4 yaitu: Klimatografi adalah cabang ilmu klimatologi yang membahas mengenai iklim, dengan menggunakan deskriptif data, peta, dan gambar. Klimatografi dikembangkan oleh pakar ilmu geografi. Klimatologi fisik adalah cabang ilmu klimatologi yang membahas mengenai keadaan cuaca pada atmosfer dengan mengandalkan ilmu fisika. Klimatologi dinamik adalah cabang ilmu klimatologi yang membahas mengenai ilmu pergerakan atmosfer pada suatu wilayah. Klimatologi terapan adalah cabang ilmu klimatologi yang membahas mengenai penerapan dari ilmu iklim. Cabang ilmu ini digunakan untuk mengatasi masalah yang sedang dialami oleh masyarakat. Contoh dari klimatologi terapan antara lain: Dikutip melalui buku berjudul Penerapan Klimatologi dalam Pertanian 4.0 (2021) berikut ini perbedaan dari klimatologi dan meteorologi. Dari penjelasan di atas, bisa disimpulkan bahwa klimatologi adalah cabang ilmu geografi yang mempelajari mengenai iklim. Demikian yang dapat detikEdu sampaikan. Semoga bermanfaat! ",Edu
"Pengertian Lompat Jauh: Teknik, Gaya, dan Lapangannya","Rabu, 01 Nov 2023 14:30 WIB","Istilah lompat sudah tidak asing lagi kita temukan di berbagai cabang olahraga. Kegiatan mengangkat kaki ke depan, atas, hingga menurunkannya dengan cepat ke bawah untuk mencapai jarak tertentu menyebabkan diperlombakan sebagai olahraga atletik. Salah satu nomor cabang lomba olahraga lompat adalah lompat jauh. Pengertian lompat jauh menurut Sabar Mujana dkk. Dalam Modul SMP 9 Atletik, lompat Jauh adalah sesuatu gerak melompat dengan mengangkat kaki ke atas-depan dalam upaya membawa titik badan selama mungkin di udara (melayang di udara). Lompat tersebut dilakukan dengan cepat dan dimulai dengan jalan tolakan pada satu kaki untuk mencapai jarak sejauh-jauhnya. Lompat jauh merupakan hasil kecepatan horizontal yang dibuat dari awalan bergaya vertikal yang dihasilkan dari kekuatan tolakan kaki. Resultante dari kedua gaya akan menghasilkan gerak parabola dari titik pusat gravitasi. SCROLL TO CONTINUE WITH CONTENT Gerak yang dibuat di udara, sesudah fase tolakan, disebut sebagai teknik lompatan/ gaya. Sedangkan kecepatan lari dari fase awalan dan besaran sudut tolakan menjadi komponen atau unsur yang menentukan pencapaian jarak lompatan. Gerakan yang ada pada lompat jauh merupakan perpaduan antara kecepatan (speed), kekuatan (strength), kelenturan (flexibility), daya tahan (endurance), ketepatan (accuration). Untuk mengetahui lebih dalam tentang lompat jauh, yuk simak artikel berikut ini. Dalam melakukan lompat jauh, ada beberapa teknik yang perlu diperhatikan. Menurut Dr. Tatang Muhtar, M.Si dan Riana Irawanti, M.Si dalam buku Atletik, berikut teknik-teknik lompat jauh: Teknik awalan atau ancang-ancang merupakan gerak permulaan dalam lompat jauh. Teknik ini dilakukan dengan berlari untuk mendapatkan kecepatan pada waktu akan melakukan tolakan. Hasil kecepatan awal ini merupakan kecepatan horizontal yang berdampak pada besaran daya tolakan. Gerak awalan seperti gerak lari jarak pendek. Umumnya, jarak awalan yang biasa digunakan oleh para atlet adalah 40 sampai 50 meter untuk putra dan 30 sampai 45 meter untuk putri. Tolakan merupakan gerak perubahan atau perpindahan dari gerakan horizontal menjadi gerak vertikal yang dilakukan secara cepat. Atlet haru sudah mempersiapkan diri saat melakukan lari awalan. Kemudian, dirinya akan melakukan tolakan sekuat-kuatnya pada langkah terakhir. Gerak ini akan memungkinkan tubuh terangkat ke atas dan melayang di udara. Pada tahap ini yang perlu diperhatikan adalah kondisi menolakkan kaki sekuat-kuatnya ke depan tepat pada tolakan, kaki belakang diayunkan sekuat-kuatnya ke atas-depan, dan dibantu gerak ayun tangan dari belakang ke depan-atas juga. Sikap badan di udara sangat erat kaitannya dengan kecepatan awalan dan kekuatan tolakan. Tubuh ketika lepas dari papan tolakan dipengaruhi oleh kekuatan yang disebut sebagai gaya penarik bumi. Salah satu usaha untuk mengatasi gaya tersebut, perlu gerak awalan dan tolakan. Semakin cepat awalan dan semakin kuat tolakan, maka tubuh akan semakin lama melayang di udara. Kedua kecepatan tersebut dipadukan dan menghasilkan resultante yang menentukan lintasan gerak dari titik berat badan Atlet. Sikap mendarat adalah gerak yang dilakukan pada waktu mendaratkan kedua kaki. Cara mendarat yang benar pada lompat jauh adalah sesaat sebelum mendarat, kedua kaki dibawa ke depan sehingga tungkai lurus dengan jalan, lalu mengangkat paha ke atas. Posisi badan saat akan mendarat adalah dibungkukkan, kedua tangan diayun ke depan, serta tungkai bagian bawah diluruskan ke depan. Selanjutnya, kedua kaki mendarat dengan bagian tumit terlebih dahulu. Kemudian mengeper dengan cara menekuk kedua lutut dan posisi badan saat mendarat dalam lompat jauh yang benar adalah badan condong ke depan dengan menumpukan berat ke depan. Mengutip dari buku Pendidikan Jasmani, Olahraga, dan Kesehatan untuk kelas X SMA karya Irwansya, lompat jauh memiliki tiga gaya lompatan. Gaya lompat jauh tersebut dapat diketahui pada waktu badan sedang melayang di udara. Ketiga gaya lompat jauh adalah: Pada perlombaan-perlombaan lompat jauh dilakukan pada sebuah lapangan khusus. Mengutip buku Ensiklopedia Olahraga Atletik: Lompat Jauh hingga Tolak Peluru karya Atma Endris dkk., arena lompat jauh terdiri atas lintasan, papan tolak, dan tempat pendaratan. Panjang lintasan yang digunakan untuk lari awalan memiliki panjang 45 meter dan lebar 1,22 meter. Terdapat garis putih di kanan kiri lintasan selebar 5 sentimeter. Adapun papan tolakan biasanya berbentuk segi empat yang terbuat dari bahan kayu. Jarak papan tolak pada bak lompat adalah 1 meter dengan panjang 1,22 meter, lebar 20 sentimeter, dan tebal 10 sentimeter. Terakhir, panjang bak lompat atau tempat mendarat berisi pasir adalah 9 meter dan lebar 2,75 meter. 1. Langkah menjadi lebih panjang atau pendek tepat sebelum lompat2. Kurangnya kecepatan saat melakukan tolakan dengan tumit3. Badan miring jatuh ke depan atau ke belakang4. Fase melayang tak seimbang5. Gerak kaki yang prematur, atau tak cukup angkatan kaki saat melakukan pendaratan6. Satu kaki turun mendahului kaki lain saat melakukan pendaratan 1. Kecepatan lari awalan dan besarnya sudut tolakan merupakan unsur-unsur yang menentukan gerak pencapaian jarak lompatan.2. Tentukan kecepatan pada waktu akan melompat.3. Tolakan dilakukan dengan sekuat-kuatnya pada papan tolakan dengan kaki terkuat ke atas (tinggi dan ke depan).4. Posisi tubuh melayang dalam kondisi seimbang di udara selama mungkin.5. Sikap badan jangan sampai jatuh atau tangan ke belakang saat mendarat. ",Edu
"Kompetisi Kampus Merdeka Diperpanjang, Alumni Kini Bisa Daftar!","Rabu, 01 Nov 2023 14:00 WIB","Kampus Merdeka memperpanjang mendaftaran kompetisi video mahasiswa dalam Merdeka Berkisah Competition: Video Kreasi TikTok ""A Day in My Life"" sampai 3 November 2023 pukul 23.59 WIB. Hadiahnya mulai dari laptop, iPad, sampai uang tabungan. Kompetisi video Kampus Merdeka diperuntukkan bagi mahasiswa yang pernah menjalani salah satu kegiatan flagship Kampus Merdeka. Opsinya mulai dari Pertukaran Mahasiswa Merdeka (PMM), Kampus Mengajar (KM), Magang dan Studi Independen Bersertifikat (MSIB), Indonesian International Student Mobility Award (IISMA), hingga Wirausaha Merdeka (WMK), seperti dikutip dari akun Instagram resmi @kampusmerdeka.ri. Informasi lebih lanjut mengenai kompetisi video Kampus Merdeka Berkisah Competition: Video Kreasi TikTok ""A Day in My Life"" bisa diakses di Instagram @kampusmerdeka.ri atau klik di sini. Jangan terlewat batas waktu pendaftaran! SCROLL TO CONTINUE WITH CONTENT ",Edu
"25 Contoh Soal SKD TWK CPNS 2023 Part 1 Lengkap beserta Jawaban, Yuk Berlatih!","Rabu, 01 Nov 2023 13:30 WIB","Pelamar CPNS yang dinyatakan lolos seleksi administrasi akan mengikuti tahapan selanjutnya yakni Seleksi Kompetensi Dasar (SKD). Seleksi berbentuk tes tersebut akan digelar pada 9-18 November 2023. Melansir laman laman Kementerian Pendayagunaan Aparatur Negara dan Reformasi Birokrasi (KemenPAN-RB) dalam tes SKD peserta akan mengerjakan soal Tes Wawasan Kebangsaan (TWK), Tes Intelegensia Umum (TIU) dan Tes Karakteristik Pribadi (TKP). Soal TWK sendiri dibuat dengan tujuan mengukur pemahaman peserta CPNS terkait hal-hal seperti nasionalisme, integritas, bela negara, pilar negara, dan bahasa negara. SCROLL TO CONTINUE WITH CONTENT  Nantinya peserta akan mengerjakan sebanyak 30 soal TWK. Oleh karena itu itu, peserta harus bersiap diri dengan cara berlatih contoh soal SKD TWK CPNS 2023. Mengutip buku E-Book Soal-Soal HOTS Tes CPNS oleh Pustaka Baru Press, berikut beberapa contoh soal TWK CPNS 2023. 1. Rumusan dan susunan Pancasila yang benar dan sah tercantum dalam... A. Pidato Moh. Yamin tanggal 29 Mei 1945B. Piagam JakartaC. Pidato Bung Karno tanggal 1 Juni 1945D. Pembukaan UUD 1945E. Mukadimah Konstitusi Sementara RIS Jawaban: D 2. Landasan idiil negara kita adalah... A. Tap MPRB. UUD 1945C. PancasilaD. Proklamasi IndonesiaE. Keputusan Presiden Jawaban: C 3. Pedoman Penghayatan dan Pengamalan Pancasila ditetapkan pada tanggal... A. 4 Maret 1978B. 22 Maret 1978C. 12 Maret 1978D. 14 Maret 2978E. 2 Maret 1978 Jawaban: B 4. Pancasila sebagai ideologi terbuka harus berorientasi pada masa depan dan mampu melihat semua kemungkinan yang dapat terjadi pada masa sekarang. Berikut ini yang merupakan salah satu unsur ideologi terbuka yang dimiliki oleh Pancasila adalah ... A. Dasar yang digunakan adalah keinginan perseorangan.B. Nilai dan cita-cita yang ada berasal dari pribadi bangsa itu sendiri.C. Isinya bisa langsung dilaksanakan tanpa ada penjelasan lebih dalam.D. Merupakan hasil kombinasi dengan kebudayaan lain.E. Bersumber dari budaya dan nilai kehidupan suatu daerah/kelompok mayoritas. Jawaban: B 5. Ciri khas paham integralistik Indonesia dapat dilihat dalam kehidupan... A. PerkotaanB. Organisasi kedaerahanC. PemerintahanD. PedesaanE. Organisasi Keagamaan Jawaban: D 6. Salah satu bentuk percampuran unsur Hindu-Buddha dengan unsur budaya Islam pada bentuk bangunan masjid kuno di Indonesia adalah... A. Bangunan masjid yang selalu menghadap ke timurB. Bentuk masjid yang bujur sangkarC. Bentuk atap masjid yang seperti kubahD. Arah kiblat bangunan masjidE. Atap masjid yang berbentuk meru Jawaban: E 7. Kongres Pemuda Jawa pada tahun 1918 yang mengubah Tri Koro Dharmo menjadi Jong Java dipimpin oleh... A. Dr Wahidin SudirohusodoB. Dr SoetomoC. Dr Satiman Wiryo SutedjoD. RM Soetomo SoerjokoesoemoE. Radjiman Widyodiningrat Jawaban: C 8. Jabatan dalam struktur pemerintahan administrasi kolonial Belanda di bawah ini dijabat oleh pribumi, kecuali... A. Asisten residenB. RegentC. WedonoD. Wakil regentE. Asisten wedono Jawaban: B 9. Pelopor pendiri GNB adalah negara-negara yang sedang berkembang. Negarawan Afrika yang termasuk sebagai pelopor GNB di antaranya adalah... A. Nelson Mandela, Tabo EmbekiB. Kwame Nikrumah, GhanaC. Anwar Sadat, GadafiD. Gamal Abdul Nasir, ZambiaE. Idi Amin, Yosep Mobutu Jawaban: B 10. Janji kemerdekaan yang akan diberikan Jepang setelah kekalahan Jepang pada saat Perang Dunia II diumumkan oleh... A. Laksamana MaedaB. Perdana Menteri KyotoC. Ichikawa TaishoD. Marsekal TerauchiE. Kumakichi Harada Jawaban: B 11. Pancasila merupakan sumber etika dalam bersikap dan bertingkah laku dalam berbangsa dan bernegara. Hal ini tertuang dalam ketetapan MPR tentang etika kehidupan berbangsa dan bernegara nomor... A. TAP MPRS No. V/MPRS/1959B. TAP MPR No. V/MPR/2002C. TAP MPR No. VI/MPR/2001D. TAP MPR No. VII/MPR/2002E. TAP MPRS No. X/MPRS/1960 Jawaban: C 12. Tujuan pembangunan nasional adalah mewujudkan suatu masyarakat adil dan makmur yang merata materiil dan spirituil, hal ini berdasarkan... A. Ketuhanan YMEB. Pancasila dan UUD 1945C. UUD 1945D. Kemanusiaan yang Adil dan BeradabE. Keadilan Sosial Jawaban: B 13. Rangkaian peristiwa dan keadaan yang mendahului terbentuknya negara, yang merupakan rumusan dasar-dasar pemikiran yang menjadi latar belakang pendorong bagi kemerdekaan kebangsaan Indonesia dalam wujud terbentuknya negara Indonesia terdapat dalam pembukaan UUD 1945 alinea ... A. I dan IIB. II dan IIIC. I, II, dan IIID. I, II, III, dan IVE. II, III, dan IV Jawaban: C 14. Akibat banyaknya penyimpangan terhadap UUD 1945 pada masa Orde Baru, pada awal era Reformasi dalam masyarakat Indonesia berkembang tuntutan Reformasi yang didesakkan oleh berbagai komponen bangsa. Tuntutan tersebut antara lain berikut ini, kecuali... A. Penghapusan doktrin dwifungsi ABRIB. Amandemen Undang-Undang Dasar Negara Republik Indonesia Tahun 1945C. Desentralisasi terpusat antara pusat dan daerahD. Mewujudkan kebebasan pers dan mewujudkan kehidupan demokrasiE. Penegakan supremasi hukum, penghormatan hak asasi manusia serta pemberantasan korupsi, kolusi dan nepotisme Jawaban: C 15. Interaksi masyarakat yang berorientasi ke atas, sangat mementingkan hubungan yang formal dan bersifat impersonal. Gambaran tersebut merupakan etos kebudayaan masyarakat... A. EliteB. BirokratC. PetaniD. BuruhE. Tradisional Jawaban: B 16. Dapat mengajukan rancangan undang-undang kepada DPR yang berkaitan dengan otonomi daerah, hubungan pusat dengan daerah, pembentukan dan pemekaran, serta penggabungan daerah, pengelolaan sumber daya alam dan sumber daya ekonomi lainnya, perimbangan keuangan pusat dan daerah, merupakan kewenangan DPD yang tercantum dalam... UUD 1945. A. Pasal 19B ayat 2B. Pasal 20 ayat 2C. Pasal 21A ayat 2D. Pasal 22D ayat 2E. Pasal 23 ayat 2 Jawaban: D 17. Sebagai seorang kepala negara, menurut Undang-Undang Dasar Negara Republik Indonesia Tahun 1945, Presiden mempunyai wewenang sebagai berikut, kecuali... A. Membuat perjanjian dengan negara lain dengan persetujuan Dewan Perwakilan RakyatB. Mengangkat duta dan konsulC. Menerima duta dari negara lainD. Memberi gelar, tanda jasa dan tanda kehormatan lainnya kepada warga negara Indonesia atau warga negara asing yang telah berjasa mengharumkan nama baik IndonesiaE. Memberi grasi dan rehabilitasi dengan memperhatikan pertimbangan Mahkamah Agung Jawaban: E 18. Berikut ini yang bukan termasuk Lembaga Eksekutif, Yudikatif, dan Legislatif adalah... A. TNIB. Komisi YudisialC. Mahkamah AgungD. BPKE. DPRD Jawaban: D 19. Perhatikan pernyataan berikut ini! 1) Berkenaan dengan hal-hal dalam bidang sosial, budaya, dan ketatanegaraan2) Tumbuh dan dapat pula berlaku bagi negara lainnya3) Merupakan bagian dari konstitusi, apabila ada pelanggaran terhadapnya tidak dapat diadili oleh badan pengadilan4) Tumbuh, berlaku, diikuti dan dihormati dalam praktik penyelenggaraan Negara5) Berasal dari keputusan-keputusan hakim dan ketentuan-ketentuan dari kebiasaan serta adat temurun Pernyataan di atas yang merupakan ciri-ciri dari konvensi ketatanegaraan adalah nomor... A. 1 dan 2B. 2 dan 3C. 3 dan 4D. 4 dan 5E. Hanya nomor 5 Jawaban: C 20. Suatu pernyataan terhadap orang banyak yang terlibat dalam suatu tindak pidana untuk meniadakan suatu akibat hukum pidana yang timbul dari tindak pidana tersebut merupakan pengertian dari... A. GrasiB. AbolisiC. AmnestiD. RehabilitasiE. Investigasi Jawaban: C 21. Adanya perbedaan ketentuan mengenai penetapan kewarganegaraan dapat menyebabkan seseorang tidak memiliki kewarganegaraan atau disebut ... A. ApartheidB. ApatrIdeC. BipatrIdeD. StelselE. Ius Sanguinis Jawaban: B 22. Sumpah Pemuda sebagai hasil Kongres Pemuda yang diselenggarakan oleh organisasi-organisasi kedaerahan yang sudah memiliki semangat nasionalisme untuk mencapai Indonesia merdeka. Isi sumpah Pemuda butir kedua adalah ... A. Kami Putra Putri Indonesia, mengaku berbahasa satu bahasa Indonesia.B. Kami Putra Putri Indonesia, menjunjung tinggi bahasa persatuan bahasa Indonesia.C. Kami Putra Putri Indonesia, mengaku bertumpah darah satu tanah air Indonesia.D. Kami Putra Putri Indonesia, mengaku berbahasa satu bangsa Indonesia.E. Kami Putra Putri Indonesia, menjunjung tinggi tanah air Indonesia. Jawaban: C 23. Salah satu manfaat keikutsertaan masyarakat dalam kebijakan publik adalah terbentuknya masyarakat madani. Berikut ini yang merupakan salah satu ciri masyarakat madani adalah ... A. Terbentuknya merupakan paksaan dari suatu kelompok tertentu.B. Masyarakat bergantung kepada negara, lembaga, atau organisasi tertentu.C. Tidak terikat nilai hukum yang telah ditetapkanD. Adanya ketergantungan satu sama lain.E. Terbentuk secara sukarela. Jawaban: E 24. Indonesia sebagai negara kepulauan yang sudah diatur batas-batasnya dalam undang-undang. Batas Indonesia paling barat adalah ... A. Pulau WeB. Pulau NikobarC. Pulau HalmaheraD. Pulau RondeE. Pulau Rote Jawaban: D 25. Berikut ini yang bukan merupakan latar belakang adanya wawasan nusantara dilihat dari falsafah Pancasila adalah ... A. Kemerdekaan sebagai hasil perjuangan seluruh rakyat Indonesia.B. Mengutamakan kepentingan umum daripada individu atau golongan.C. Penerapan hak asasi manusia.D. Pengambilan keputusan dengan musyawarah.E. Memberi kesempatan setiap pemeluk agama untuk beribadah Jawaban: A Itulah beberapa contoh soal SKD TWK CPNS 2023. Selamat mengerjakan detikers! ",Edu
"Hewan Ruminansia Punya 4 Bagian Lambung, Apa Saja Contohnya?","Rabu, 01 Nov 2023 13:00 WIB","Apakah detikers pernah mendengar klasifikasi hewan ruminansia? Biasanya hewan ruminansia dapat ditemukan dalam kelompok hewan ternak. Hewan dikembangbiakkan dalam ternak ditujukan untuk menghasilkan daging, telur, susu, kulit, bulu, atau bahkan tenaga kerja. Hewan ruminansia disebut sebagai kelompok hewan yang memiliki sistem pencernaan yang unik dan kompleks. Padahal, hewan ini merupakan pemakan tumbuhan atau herbivora. Lantas, apa sih yang dimaksud dengan hewan ruminansia? Apa saja contoh hewannya? Yuk simak artikel berikut ini. SCROLL TO CONTINUE WITH CONTENT Hewan ruminansia adalah sekelompok hewan pemakan tumbuhan (herbivora) yang mempunyai dua proses pencernaan makanan. Pertama, mengunyah makanan yang sudah dicerna di dalam perut. Kedua, makanan tersebut dikeluarkan untuk dimakan kembali pada proses pencernaan selanjutnya. Ternak ruminansia mampu mencerna makanan berserat kasar tinggi atau memanfaatkan hijauan dalam jumlah besar baik yang segar ataupun kering, karena hewan ruminansia mampu mendegradasi makanannya. Mengutip dari buku Dasar Ilmu Nutrisi dan Pakan Hewan karya Frans Umbu Datta, Ruminansia memiliki sistem pencernaan yang dirancang sedemikian rupa sehingga mampu menampung triliunan mikroba. Pencernaan makanan pada hewan ruminansia dibantu oleh beberapa mikroba seperti bakteri, jamur, arkea, dan protozoa. Mikroba tersebut dapat membantu pencernaan rumput. Mikroba pada ruminansia merupakan suatu jaringan simbiosis (network) yang memungkinkan inang mikroba tersebut dapat menyaring kebutuhan zat-zat makan untuk pemeliharaan tubuh, meliputi pertahanan tubuh, homeostasis, dan kebutuhan energi. Diketahui, mikroba seperti bakteri, protozoa, jamur, dan arkea hidup tanpa oksigen (anaerob) menghasilkan banyak jenis enzim. Enzim-enzim tersebut bermanfaat bagi proses fermentasi bahan pakan yang dicerna oleh hewan ruminansia. Terlebih untuk pakan-pakan berserat kasar yang mengandung karbohidrat berstruktur selulosa, hemiselulosa, lignoselulosa, dan polisakarida lebih mudah difermentasi sehingga mampu diserap tubuh hewan lebih mudah. Fermentasi di dalam hewan tersebut akan menghasilkan asam lemak yang mudah menguap, yang disebut dengan Volatile Fatty Acids (VFA). Asam ini lah yang menjadi sumber energi utama hewan ruminansia. Pada sistem pencernaan yang terjadi sebanyak 2 kali, hewan ruminansia memiliki empat bagian lambung yang memiliki fungsi spesifik yang berbeda-beda. Dikutip dari buku Fisiologi Pencernaan Ruminansia karya Dr Roni Pazla SPt, MP dkk., lambung hewan ruminansia terdiri dari: Tempat pertama masuknya makanan setelah memasuki esofagus. Di rumen makanan dicerna oleh bantuan mikroba bakteri hingga berbentuk bubur. Ketika sapi beristirahat, makanan tersebut akan kembali ke mulutnya untuk dikunyah kedua kali. Baru kemudian masuk ke retikulum (perut jala) Pada bagian ini, makanan akan difermentasi dengan bantuan mikroba anaerob. Di bagian ini juga terjadi proses absorpsi dan penyaringan benda-benda asing yang masuk agar tidak masuk ke omasum. Pada bagian ini, kelenjar enzim akan membantu menghaluskan makanan secara kimiawi. Kadar air dari gumpalan makanan juga dikurangi melalui proses absorpsi air yang dilakukan oleh dinding omasum. Bagian ini disebut dengan lambung. Di sinilah makanan dicerna dengan bantuan enzim pencernaan pepsin yang diproduksi oleh abomasum. Setelah dari sini, makanan akan didorong masuk ke usus halus hingga ke anus. ",Edu
"Sempat Hampir Punah, Kura-Kura Galapagos Kini Justru Selamatkan Ekosistem","Rabu, 01 Nov 2023 12:30 WIB","Sejak lama tindakan manusia di berbagai belahan dunia telah mengubah struktur ekologi secara tidak langsung maupun langsung. Hal ini mengakibatkan banyak spesies turun secara populasi bahkan beberapa di antaranya hampir punah. Kondisi ini ditemukan di Kepulauan Galapagos, yang terletak di Samudra Pasifik, sekitar 1.000 kilometer sebelah barat pesisir Amerika Selatan. Pada akhir abad ke-19 tindakan manusia secara tidak langsung telah mengubah struktur ekologi di sana. Perburuan terhadap paus, pemukiman penduduk baru, dan tindakan bajak laut telah mengurangi spesies asli pulau tersebut. SCROLL TO CONTINUE WITH CONTENT Bahkan di Espanola, sebuah pulau di tenggara Galapagos,jumlah kura-kura Galapagos yang mulanya 10.000 ekor menjadi hanya 14 ekor. Selain itu, karena kambing mengonsumsi tanaman, membuat Espanola yang awalnya sabana menjadi dataran tandus. Hal ini pun mendorong para pegiat konservasi untuk berupaya memulihkan spesies asli, seperti kura-kura Galapagos di Espanola beserta dengan ekosistem asli pulau tersebut. Tindakan konservasi dilakukan dengan menangkap spesies pendatang seperti kambing dan tikus. Kemudian, menangkap sisa kura-kura Galapagos dan memasukkannya ke penangkaran. Dengan tindakan tersebut, ekosistem Espanola kembali ditumbuhi pepohonan lebat dan semak berkayu, sebagaimana dilansir dari Hakai Magazine. Sejak LSM Galápagos Conservancy dan Direktorat Taman Nasional Galapagos menahan 14 kura-kura antara tahun 1963 dan 1974, akhirnya pada tahun 2020 mereka melepaskan hampir 2.000 kura-kura raksasa Galapagos. Setelah berhasil berkembang biak di alam liar populasi kura-kura menjadi 3.000 ekor. Hal ini tentu membawa perubahan pada ekologi Espanola. Terjadi perluasan padang rumput serta penyebaran benih-benih tanaman penting. Selain itu, kura-kura raksasa Galapagos juga membantu elang laut gelombang, spesies yang berkembang biak secara eksklusif di Espanola dan terancam punah. ""Masyarakat harus berulang kali membersihkan area yang digunakan burung laut sebagai landasan untuk lepas landas dan mendarat,"" kata Maud Quinzin, ahli genetika konservasi. Diketahui, kura-kura Galapagos berhasil merawat area yang digunakan elang laut gelombang. Hal tersebut dilakukan ketika mereka sedang menelusuri jalan, buang air besar, atau mencari makan. Kegiatan-kegiatan tersebut berhasil merubah lanskap dengan menginjak pohon muda atau semak-semak untuk menghalangi jalan elang laut. Selain membantu elang laut, kura-kura Galapagos juga berdampak besar pada persebaran kaktus pir berduri raksasa. Spesies tanaman tersebut merupakan makanan favorit kura-kura sekaligus sumber daya penting bagi penghuni Espanola lainnya. Saat kura-kura memakan daun kaktus yang berguguran, mereka mencegah bantalan berbentuk dayung tersebut berakar dan bersaing dengan induknya. Kemudian, mereka menjatuhkan biji buah kaktus yang sudah dimakan ke seluruh pulau dengan bentuk bola-bola kotoran yang berfungsi sebagai pupuk. Dampak besar kura-kura pada ekologi Espanola didokumentasikan oleh James Gibbs, seorang ilmuwan konservasi dan presiden Galápagos Conservancy, dan Washington Tapia Aguilera, direktur program restorasi kura-kura raksasa di Galápagos Conservancy. Gibbs bersama timnya memagari kaktus di pulau tersebut untuk mengkomparasikan lanskap evolusi ketika terkena kura-kura dan tidak terkena kura-kura. Mereka mempelajari citra satelit pulau yang diambil antara tahun 2006 dan 2020. Hasilnya, pulau masih mengalami peningkatan kepadatan semak dan pepohonan sabana di tempat kura-kura muncul. ""Sedikitnya ada satu atau dua ekor kura-kura per hektar, sudah cukup untuk memicu perubahan lanskap,"" tulis para ilmuwan. Meskipun demikian, masih banyak yang harus dikerjakan oleh ahli konservasi. Sebab, pada tahun 2020, 78% wilayah Española masih didominasi oleh vegetasi berkayu. Gibbs mengatakan akan diperlukan berabad-abad lagi bagi kura-kura untuk mengembalikan rasio rumput, pohon, dan semak seperti semula, sebelum orang Eropa mendarat di kepulauan. ",Edu
